pdb	Hchain	Lchain	model	antigen_chain	antigen_type	antigen_het_name	antigen_name	short_header	date	compound	organism	heavy_species	light_species	antigen_species	authors	resolution	method	r_free	r_factor	scfv	engineered	heavy_subclass	light_subclass	light_ctype	affinity	delta_g	affinity_method	temperature	pmid
4m3k	B	NA	0	A	protein	NA	beta-lactamase	HYDROLASE/IMMUNE SYSTEM	08/06/13	Structure of a single domain camelid antibody fragment cAb-H7S in complex with the BlaP beta-lactamase from Bacillus licheniformis	LAMA GLAMA; BACILLUS LICHENIFORMIS	lama glama		bacillus licheniformis	Pain, C., Kerff, F., Herman, R., Sauvage, E., Preumont, S., Charlier, P., Dumoulin, M.	1.48	X-RAY DIFFRACTION	0.195	0.161	False	True	IGHV1	NA	NA	None	None	None	None	None
7aqz	C	NA	0	B	protein	NA	variant surface glycoprotein mitat 1.2	MEMBRANE PROTEIN	11/03/21	Co-Crystal Structure of Variant Surface Glycoprotein VSG2 in complex with Nanobody VSG2(NB14)	LAMA GLAMA; TRYPANOSOMA BRUCEI BRUCEI	lama glama		trypanosoma brucei brucei	Stebbins, C.E., Hempelmann, A., VanStraaten, M.	1.3	X-RAY DIFFRACTION	0.172	0.151	False	True	IGHV1	NA	NA	None	None	None	None	None
7aqx	C	NA	0	A	protein	NA	variant surface glycoprotein mitat 1.2	MEMBRANE PROTEIN	11/03/21	Co-Crystal Structure of Variant Surface Glycoprotein VSG2 in complex with Nanobody VSG2(NB9)	LAMA GLAMA; TRYPANOSOMA BRUCEI BRUCEI	lama glama		trypanosoma brucei brucei	Stebbins, C.E., Hempelmann, A.	1.499	X-RAY DIFFRACTION	0.192	0.164	False	True	IGHV1	NA	NA	None	None	None	None	None
1zvh	A	NA	0	L	protein	NA	lysozyme c	HYDROLASE/IMMUNE SYSTEM	04/04/06	Crystal structure of the VHH domain D2-L24 in complex with hen egg white lysozyme	CAMELUS DROMEDARIUS; GALLUS GALLUS	camelus dromedarius		gallus gallus	De Genst, E., Silence, K., Decanniere, K., Conrath, K., Loris, R., Kinne, J., Muyldermans, S., Wyns, L.	1.5	X-RAY DIFFRACTION	0.234	0.208	False	True	IGHV1	NA	NA	None	None	None	None	None
1a2y	B	A	0	C	protein	NA	lysozyme	COMPLEX (IMMUNOGLOBULIN/HYDROLASE)	01/13/98	HEN EGG WHITE LYSOZYME, D18A MUTANT, IN COMPLEX WITH MOUSE MONOCLONAL ANTIBODY D1.3	MUS MUSCULUS; GALLUS GALLUS	mus musculus	mus musculus	gallus gallus	Tsuchiya, D., Mariuzza, R.A.	1.5	X-RAY DIFFRACTION	0.251	0.203	False	True	IGHV2	IGKV12	Kappa	None	None	None	None	None
6j14	A	B	0	G	protein	NA	programmed cell death protein 1	IMMUNE SYSTEM	12/27/18	Complex structure of GY-14 and PD-1	MUS MUSCULUS; HOMO SAPIENS	mus musculus	mus musculus	homo sapiens	Chen, D., Tan, S., Whang, H., Zhang, H., Chai, Y., Qi, J., Yan, J., Gao, G.F.	1.4	X-RAY DIFFRACTION	0.215	0.188	False	True	IGHV1	IGKV1	Kappa	None	None	None	None	None
7oao	F	NA	0	E	protein	NA	unknown	ANTIVIRAL PROTEIN	01/08/09	Nanobody C5 bound to RBD	SEVERE ACUTE RESPIRATORY SYNDROME CORONAVIRUS 2; LAMA GLAMA				Naismith, J.H., Mikolajek, H.	1.5	X-RAY DIFFRACTION	0.186	0.152	False	False	IGHV1	NA	NA	None	None	None	None	None
5j1t	C	NA	0	A | B	protein | protein	NA | NA	torsin-1a | torsin-1a-interacting protein 2	HYDROLASE	03/29/16	TorsinAdeltaE-LULL1 complex, H. sapiens, bound to VHH-BS2	HOMO SAPIENS; VICUGNA PACOS	vicugna pacos		homo sapiens | homo sapiens	Demircioglu, F.E., Schwartz, T.U.	1.402	X-RAY DIFFRACTION	0.177	0.148	False	True	IGHV1	NA	NA	None	None	None	None	None
5j1s	C	NA	0	A | B	protein | protein	NA | NA	torsin-1a | torsin-1a-interacting protein 2	HYDROLASE	03/29/16	TorsinA-LULL1 complex, H. sapiens, bound to VHH-BS2	HOMO SAPIENS; VICUGNA PACOS	vicugna pacos		homo sapiens | homo sapiens	Demircioglu, F.E., Schwartz, T.U.	1.399	X-RAY DIFFRACTION	0.188	0.143	False	True	IGHV1	NA	NA	None	None	None	None	None
7tgf	B	NA	0	A	protein	NA	ricin chain a	IMMUNE SYSTEM/TOXIN	10/12/22	Single-domain VHH intrabodies neutralize ricin toxin.	Ricinus communis; Vicugna pacos	vicugna pacos		ricinus communis	Rudolph, M.J., Mantis, N.	1.347	X-RAY DIFFRACTION	0.181	0.158	False	True	IGHV1	NA	NA	None	None	None	None	None
7kql	H	L	0	T	protein	NA	hepatitis a virus cellular receptor 2	IMMUNE SYSTEM	02/09/22	Anti-Tim3 antibody Fab complex	HOMO SAPIENS	homo sapiens	homo sapiens	homo sapiens	Deng, X.A., West, S.M., Strop, P.	1.49	X-RAY DIFFRACTION	0.200	0.177	False	True	IGHV4	IGKV3	Kappa	None	None	None	None	None
6xzu	A	NA	0	B	protein	NA	complement c3	IMMUNE SYSTEM	02/05/20	Complex of C-terminal domain of murine complement C3b with the hC3Nb3 nanobody	LAMA GLAMA; MUS MUSCULUS	lama glama		mus musculus	Andersen, G.R., Pedersen, H.	1.5	X-RAY DIFFRACTION	0.200	0.166	False	True	IGHV1	NA	NA	None	None	None	None	None
7d5b	D	NA	0	A	protein	NA	beta-secretase 2	HYDROLASE/IMMUNE SYSTEM	03/31/21	BACE2 xaperone complex with N-{3-[(5R)-3-amino-2,5-dimethyl-1,1-dioxo-5,6-dihydro-2H-1lambda6,2,4-thiadiazin-5-yl]-4-fluorophenyl}-5-fluoropyridine-2-carboxamide	HOMO SAPIENS	homo sapiens		homo sapiens	Fujimoto, K., Yoshida, S., Tadano, G., Asada, N., Fuchino, K., Suzuki, S., Matsuoka, E., Yamamoto, T., Yamamoto, S., Ando, S., Kanegawa, N., Tonomura, Y., Ito, H., Moechars, D., Rombouts, F.J.R., Gijsen, H.J.M., Kusakabe, K.I.	1.31	X-RAY DIFFRACTION	0.222	0.195	False	True	IGHV3	NA	NA	None	None	None	None	None
6z1v	B	NA	0	A	protein	NA	cd9 antigen	CELL ADHESION	05/14/20	Structure of the EC2 domain of CD9 in complex with nanobody 4E8	HOMO SAPIENS; LAMA GLAMA	lama glama		homo sapiens	Oosterheert, W., Pearce, N.M., Gros, P.	1.33	X-RAY DIFFRACTION	0.190	0.151	False	True	IGHV1	NA	NA	None	None	None	None	None
6osh	H	L	0	K	protein	NA	tyrosine-protein kinase transmembrane receptor ror2	IMMUNE SYSTEM	04/01/20	Potent and Selective Antitumor Antibody Targeting a Membrane-Proximal Epitope of ROR2	ORYCTOLAGUS CUNICULUS; HOMO SAPIENS	oryctolagus cuniculus	oryctolagus cuniculus	homo sapiens	Park, H., Rader, C.	1.117	X-RAY DIFFRACTION	0.169	0.162	False	True	IGHV1	IGKV1	Kappa	None	None	None	None	None
6sge	D	NA	0	A	protein	NA	rho-related gtp-binding protein rhob	IMMUNE SYSTEM	08/04/19	Crystal structure of Human RHOB-GTP in complex with nanobody B6	HOMO SAPIENS	homo sapiens		homo sapiens	Soulie, S., Gence, R., Cabantous, S., Lajoie-Mazenc, I., Favre, G., Pedelacq, J.D.	1.5	X-RAY DIFFRACTION	0.188	0.161	False	True	IGHV3	NA	NA	None	None	None	None	None
4n9o	B	NA	0	A	protein	NA	major prion protein	MEMBRANE PROTEIN/PROTEIN BINDING	10/21/13	Probing the N-terminal beta-sheet conversion in the crystal structure of the human prion protein bound to a Nanobody	HOMO SAPIENS; LAMA GLAMA	lama glama		homo sapiens	Abskharon, R.N.N., Giachin, G., Wohlkonig, A., Soror, S.H., Pardon, E., Legname, G., Steyaert, J.	1.5	X-RAY DIFFRACTION	0.184	0.150	False	True	IGHV3	NA	NA	None	None	None	None	None
7str	H	L	0	C	protein	NA	nucleoprotein	VIRAL PROTEIN/IMMUNE SYSTEM	08/10/22	Crystal Structure of Human Fab S24-1063 in the Complex with the N-teminal Domain of Nucleocapsid Protein from SARS CoV-2	Homo sapiens; Severe acute respiratory syndrome coronavirus 2	homo sapiens	homo sapiens	severe acute respiratory syndrome coronavirus2 	Kim, Y., Maltseva, N., Tesar, C., Jedrzejczak, R., Dugan, H., Stamper, C., Wilson, P., Joachimiak, A., Center for Structural Genomics of Infectious Diseases (CSGID)	1.5	X-RAY DIFFRACTION	0.202	0.161	False	True	IGHV4	IGKV3	Kappa	None	None	None	None	None
2p45	B	NA	0	A	protein	NA	ribonuclease pancreatic	HYDROLASE/IMMUNE SYSTEM	03/11/07	Complex of a camelid single-domain vhh antibody fragment with RNASE A at 1.1A resolution: SE5B-ORTHO-1 crystal form with five se-met sites (L4M, M34, M51, F68M, M83) in vhh scaffold.	CAMELUS DROMEDARIUS; BOS TAURUS	camelus dromedarius	NA	bos taurus	Tereshko, V., Uysal, S., Koide, A., Margalef, K., Koide, S., Kossiakoff, A.A.	1.1	X-RAY DIFFRACTION	0.195	0.17300000000000001	False	True	IGHV1	NA	NA	1.16e-07	-9.61	Other	30	18445622
2p49	B	NA	0	A	protein	NA	ribonuclease pancreatic	HYDROLASE/IMMUNE SYSTEM	03/11/07	Complex of a camelid single-domain vhh antibody fragment with RNASE A at 1.4A resolution: native mono_1 crystal form	CAMELUS DROMEDARIUS; BOS TAURUS	camelus dromedarius	NA	bos taurus	Tereshko, V., Uysal, S., Margalef, K., Koide, A., Kossiakoff, A.A., Koide, S.	1.38	X-RAY DIFFRACTION	0.185	0.156	False	True	IGHV1	NA	NA	2.30e-08	-10.59	Other	30	17888451
5kvf	H	L	0	E	protein	NA	zika envelope diii	VIRAL PROTEIN/IMMUNE SYSTEM	07/14/16	Zika specific antibody, ZV-64, bound to ZIKA envelope DIII	ZIKA VIRUS; MUS MUSCULUS	mus musculus	mus musculus	zika virus	Zhao, H., Nelson, C.A., Fremont, D.H., Center for Structural Genomics of Infectious Diseases (CSGID)	1.4	X-RAY DIFFRACTION	0.187	0.154	False	False	IGHV1	IGKV8	Kappa	3.2e-08	-10.224804843093384	SPR	NA	TBD
5kvg	H	L	0	E	protein	NA	zika envelope diii	VIRAL PROTEIN/IMMUNE SYSTEM	07/14/16	Zika specific antibody, ZV-67, bound to ZIKA envelope DIII	ZIKA VIRUS; MUS MUSCULUS	mus musculus	mus musculus	zika virus	Zhao, H., Nelson, C.A., Fremont, D.H., Center for Structural Genomics of Infectious Diseases (CSGID)	1.4	X-RAY DIFFRACTION	0.179	0.14800000000000002	False	False	IGHV1	IGKV6	Kappa	8.800000000000001e-09	-10.989691901661018	SPR	NA	TBD
4z9k	B	NA	0	A	protein	NA	ricin	Hydrolase/Immune system	04/10/15	Ricin A chain bound to camelid nanobody (VHH2)(F5)	RICINUS COMMUNIS; VICUGNA PACOS	vicugna pacos	NA	ricinus communis	Rudolph, M.J.	1.5	X-RAY DIFFRACTION	0.195	0.17800000000000002	False	True	IGHV1	NA	NA	2.2000000000000003e-09	-11.81104868630058	SPR	NA	TBD
1rjc	A	NA	0	B	protein	NA	lysozyme c	IMMUNE SYSTEM/HYDROLASE	02/01/05	Crystal structure of the camelid single domain antibody cAb-Lys2 in complex with hen egg white lysozyme	CAMELUS DROMEDARIUS; GALLUS GALLUS	camelus dromedarius		gallus gallus	De Genst, E., Silence, K., Ghahroudi, M.A., Decanniere, K., Loris, R., Kinne, J., Wyns, L., Muyldermans, S.	1.4	X-RAY DIFFRACTION	0.235	0.220	False	True	IGHV1	NA	NA	None	None	None	None	None
3d9a	H	L	0	C	protein	NA	lysozyme c	HYDROLASE/IMMUNE SYSTEM	05/27/08	High Resolution Crystal Structure Structure of HyHel10 Fab Complexed to Hen Egg Lysozyme	MUS MUSCULUS; GALLUS GALLUS	mus musculus	mus musculus	gallus gallus	DeSantis, M.E., Li, M., Shanmuganathan, A., Acchione, M., Walter, R., Wlodawer, A., Smith-Gill, S.	1.2	X-RAY DIFFRACTION	0.205	0.190	False	True	IGHV3	IGKV5	Kappa	None	None	None	None	None
6her	B	NA	0	A	protein	NA	major prion protein	PROTEIN BINDING	08/20/18	Mouse prion protein in complex with Nanobody 484	MUS MUSCULUS; CAMELUS DROMEDARIUS	camelus dromedarius		mus musculus	Soror, S.H., Abskharon, R., Wohlkonig, A.	1.199	X-RAY DIFFRACTION	0.195	0.169	False	True	IGHV1	NA	NA	None	None	None	None	None
7f1g	D	NA	0	A	protein	NA	beta-secretase 2	HYDROLASE	02/23/22	BACE2 xaperone complex with N-{3-[(4R,5R,6R)-2-amino-5-fluoro-4,6-dimethyl-5,6-dihydro-4H-1,3-thiazin-4-yl]-4-fluorophenyl}-2H,3H-[1,4]dioxino[2,3-c]pyridine-7-carboxamide	HOMO SAPIENS	homo sapiens		homo sapiens	Ueno, T., Matsuoka, E., Asada, N., Yamamoto, S., Kanegawa, N., Ito, M., Ito, H., Moechars, D., Rombouts, F.J.R., Gijsen, H.J.M., Kusakabe, K.I.	1.5	X-RAY DIFFRACTION	0.245	0.226	False	True	IGHV3	NA	NA	None	None	None	None	None
7sak	B	NA	0	A	protein	NA	mcherry	IMMUNE SYSTEM	09/14/22	Crystal Structure of LaM4 Nanobody bound to mCherry	Discosoma sp.; Lama glama	lama glama		discosoma sp.	Cong, A.T.Q., Schellenberg, M.J.	1.15	X-RAY DIFFRACTION	0.144	0.117	False	True	IGHV1	NA	NA	None	None	None	None	None
6ddm	B	A	0	C	protein	NA	mhc class i polypeptide-related sequence a	IMMUNE SYSTEM	05/10/18	Crystal Structure Analysis of the Epitope of an Anti-MICA Antibody	MUS MUSCULUS; HOMO SAPIENS	mus musculus	mus musculus	homo sapiens	Matsumoto, M.L.	1.3	X-RAY DIFFRACTION	0.205	0.188	False	True	IGHV1	IGKV4	Kappa	4.2e-10	-12.792176733448072	ITC	NA	TBD
6osv	H	L	0	K	protein	NA	tyrosine-protein kinase transmembrane receptor ror2	immune sytem/transferase	04/01/20	Potent and Selective Antitumor Antibody Targeting a Membrane-Proximal Epitope of ROR2	ORYCTOLAGUS CUNICULUS; HOMO SAPIENS	oryctolagus cuniculus	oryctolagus cuniculus	homo sapiens	Park, H., Rader, C.	1.34	X-RAY DIFFRACTION	0.189	0.162	False	True	IGHV3	IGKV1	Kappa	None	None	None	None	None
1xfp	A	NA	0	L	protein	NA	lysozyme c	IMMUNE SYSTEM/HYDROLASE	09/28/04	Crystal structure of the CDR2 germline reversion mutant of cAb-Lys3 in complex with hen egg white lysozyme	CAMELUS DROMEDARIUS; GALLUS GALLUS	camelus dromedarius		gallus gallus	De Genst, E., Handelberg, F., Van Meirhaeghe, A., Vynck, S., Loris, R., Wyns, L., Muyldermans, S.	1.5	X-RAY DIFFRACTION	0.216	0.201	False	True	IGHV1	NA	NA	None	None	None	None	None
6jb2	A	NA	0	B	protein	NA	lysozyme c	IMMUNE SYSTEM/HYDROLASE	01/25/19	Crystal structure of nanobody D3-L11 mutant Y102A in complex with hen egg-white lysozyme	CAMELUS DROMEDARIUS; GALLUS GALLUS	camelus dromedarius		gallus gallus	Caaveiro, J.M.M., Tamura, H., Akiba, H., Tsumoto, K.	1.5	X-RAY DIFFRACTION	0.165	0.125	False	True	IGHV1	NA	NA	None	None	None	None	None
4kml	B	NA	0	A	protein	NA	major prion protein	MEMBRANE PROTEIN/PROTEIN BINDING	05/08/13	Probing the N-terminal beta-sheet conversion in the crystal structure of the full-length human prion protein bound to a Nanobody	HOMO SAPIENS; LAMA GLAMA	lama glama		homo sapiens	Abskharon, R.N.N, Giachin, G., Wohlkonig, A., Soror, S.H., Pardon, E., Legname, G., Steyaert, J.	1.5	X-RAY DIFFRACTION	0.192	0.175	False	True	IGHV3	NA	NA	None	None	None	None	None
7eam	H	L	0	A	protein	NA	spike protein s1	VIRAL PROTEIN, IMMUNE SYSTEM	03/17/21	immune complex of SARS-CoV-2 RBD and cross-neutralizing antibody 7D6	SEVERE ACUTE RESPIRATORY SYNDROME CORONAVIRUS 2; MUS MUSCULUS	mus musculus	mus musculus	severe acute respiratory syndrome coronavirus2 	Li, T.T., Gu, Y., Li, S.W.	1.4	X-RAY DIFFRACTION	0.182	0.172	False	False	IGHV14	IGKV12	Kappa	None	None	None	None	None
6ir2	B	NA	0	A	protein	NA	mcherry fluorescent protein	FLUORESCENT PROTEIN	11/09/18	Crystal structure of red fluorescent protein mCherry complexed with the nanobody LaM2 at 1.4 Angstron resolution	ANAPLASMA MARGINALE; CAMELUS BACTRIANUS	camelus bactrianus		anaplasma marginale	Ding, Y., Wang, Z.Y., Hu, R.T., Chen, X.	1.393	X-RAY DIFFRACTION	0.216	0.195	False	True	IGHV1	NA	NA	None	None	None	None	None
7n0r	D	NA	0	B	protein	NA	nucleoprotein	VIRAL PROTEIN/IMMUNE SYSTEM	06/02/21	Structure of the SARS-CoV-2 N protein RNA-binding domain bound to single-domain antibody C2	SEVERE ACUTE RESPIRATORY SYNDROME CORONAVIRUS 2; LAMA GLAMA	lama glama		severe acute respiratory syndrome coronavirus2 	Ye, Q., Corbett, K.D.	1.42	X-RAY DIFFRACTION	0.166	0.141	False	True	IGHV3	NA	NA	None	None	None	None	None
2vxt	H	L	0	I	protein	NA	interleukin-18	CYTOKINE	07/10/08	Crystal structure of human IL-18 complexed to murine reference  antibody 125-2H Fab	MUS MUSCULUS; HOMO SAPIENS	mus musculus	mus musculus	homo sapiens	Argiriadi, M.A., Xiang, T., Wu, C., Ghayur, T., Borhani, D.W.	1.49	X-RAY DIFFRACTION	0.196	0.162	False	True	IGHV1	IGKV9	Kappa	5.33e-10	-12.64	SPR	NA	19553661
5imk	B	NA	0	A	protein	NA	v-set and immunoglobulin domain-containing protein 4	IMMUNE SYSTEM	03/06/16	Nanobody targeting human Vsig4 in Spacegroup C2	HOMO SAPIENS; CAMELIDAE	camelidae	NA	homo sapiens	Wen, Y.	1.227	X-RAY DIFFRACTION	0.185	0.172	False	True	IGHV1	NA	NA	8.5e-07	-8.281754349880028	ITC	NA	TBD
5imm	B	NA	0	A	protein	NA	protein vsig4	IMMUNE SYSTEM	03/06/16	Nanobody targeting mouse Vsig4 in Spacegroup P212121	MUS MUSCULUS; CAMELIDAE	camelidae	NA	mus musculus	Wen, Y., Zheng, F.	1.2	X-RAY DIFFRACTION	0.17600000000000002	0.156	False	True	IGHV1	NA	NA	3.5000000000000003e-09	-11.535955190950428	ITC	NA	TBD
2xt1	B	NA	0	A	protein	NA	gag polyprotein	VIRAL PROTEIN/IMMUNE SYSTEM	10/03/10	Crystal structure of the HIV-1 capsid protein C-terminal domain (146- 231) in complex with a camelid VHH.	HUMAN IMMUNODEFICIENCY VIRUS 1; VICUGNA PACOS	vicugna pacos		human immunodeficiency virus 1	Igonet, S., Vaney, M.-C., Bartonova, V., Helma, J., Rothbauer, U., Leonhardt, H., Stura, E., Krausslich, H.-G., Rey, F.A.	1.32	X-RAY DIFFRACTION	0.1835	0.1607	False	True	IGHV1	NA	NA	None	None	None	None	None
7n4n	D	NA	0	A	protein	NA	beta-secretase 2	HYDROLASE/INHIBITOR	10/06/21	BACE-2 in complex with ligand 36	HOMO SAPIENS	homo sapiens		homo sapiens	Shaffer, P.L.	1.41	X-RAY DIFFRACTION	0.207	0.163	False	True	IGHV3	NA	NA	None	None	None	None	None
3nps	B	C	0	A	protein	NA	suppressor of tumorigenicity 14 protein	HYDROLASE/IMMUNE SYSTEM	06/29/10	Crystal structure of membrane-type serine protease 1 (MT-SP1) in complex with the Fab Inhibitor S4	HOMO SAPIENS	homo sapiens	homo sapiens	homo sapiens	Baharuddin, A.	1.5	X-RAY DIFFRACTION	0.228	0.188	False	True	IGHV1	IGLV1	Lambda	None	None	None	None	None
